news_id,news_url_absolute,news_init_date,news_final_date,news_title,news_text_content
83ae80a9-9bb6-42ed-9e80-a5a7431352f0,https://informesdiscriminacion.gitanos.org/casos/salamanca-medios-de-comunicaci%C3%B3n-discriminaci%C3%B3n-directa-40,2023-03-23,2023-03-23,Salamanca. Medios de comunicación. Discriminación directa,"Se envió carta a la dirección del medio, con copia a la redacción. En ella se argumentaba por qué no debe incluirse la mención de la etnia en noticias de este tipo y se solicitó la retirada de la misma."
61b3f5b6-814c-4c63-9816-c85acc9c6499,https://informesdiscriminacion.gitanos.org/casos/ciudad-real-medios-de-comunicaci%C3%B3n-discriminaci%C3%B3n-directa-5,2023-03-23,2023-03-23,Ciudad Real. Medios de comunicación. Discriminación directa,El diario Lanza Digital publicó una noticia en la que se hacía mención a la etnia gitana de los presuntos implicados.
b530da66-4473-4a4f-975d-b1ec27c7ae2c,https://informesdiscriminacion.gitanos.org/casos/sevilla-medios-de-comunicaci%C3%B3n-discriminaci%C3%B3n-directa-23,2023-03-23,2023-03-23,Sevilla. Medios de comunicación. Discriminación directa,"El diario ABC de Sevilla publicó una noticia con un titular en que se hacía mención a la palabra reyerta entre personas de etnia gitana.

Desde el Ayuntamiento de Osuna nos trasladaron su malestar por el contenido de la noticia y la mención de la etnia en el titular de la noticia."
8e8bb206-b8a7-4627-80ff-ed6437339b9b,https://informesdiscriminacion.gitanos.org/casos/islas-baleares-medios-de-comunicaci%C3%B3n-discriminaci%C3%B3n-directa-3,2023-03-23,2023-03-23,Islas Baleares. Medios de comunicación. Discriminación directa,En la versión digital del diario Última hora se publicó una noticia relacionada con una pelea en la que se especificaba que se llevó a cabo “entre clanes gitanos”.
1db40795-72e2-4db6-a137-56c6df085efd,https://informesdiscriminacion.gitanos.org/casos/asturias-medios-de-comunicaci%C3%B3n-discriminaci%C3%B3n-directa-20,2023-03-23,2023-03-23,Asturias. Medios de comunicación. Discriminación directa,Dos medios de comunicación de Asturias se hicieron eco de una noticia relacionada con su suceso en el que se hacía mención a la etnia gitana del supuesto implicado.
6bc3b9dd-22e4-4b73-bf52-ded8ecfd1698,https://informesdiscriminacion.gitanos.org/casos/asturias-medios-de-comunicaci%C3%B3n-discriminaci%C3%B3n-directa-19,2023-03-23,2023-03-23,Asturias. Medios de comunicación. Discriminación directa,"Diario de Asturias y El Comercio publicaron una noticia que hacía referencia a una pelea multitudinaria entre la policía y un grupo de jóvenes en Gijón que acabó con la detención de una joven, mencionando la etnia de los implicados."
e550c564-d81f-4431-ac12-58fdacbab92c,https://informesdiscriminacion.gitanos.org/casos/murcia-medios-de-comunicaci%C3%B3n-discriminaci%C3%B3n-directa-16,2023-03-23,2023-03-23,Murcia. Medios de comunicación. Discriminación directa,Una noticia publicada en el periódico digital Noticiero del Mar Menor contenía un titular que señalaba que el primer fallecido por COVID de la comarca del Mar Menor era un anciano de etnia gitana.
2cb5ab0c-8b47-4191-a222-6c53ba4fb542,https://informesdiscriminacion.gitanos.org/casos/sevilla-medios-de-comunicaci%C3%B3n-discriminaci%C3%B3n-directa-22,2023-03-23,2023-03-23,Sevilla. Medios de comunicación. Discriminación directa,"Se remitió una carta dirigida al director del ABC de Sevilla, en la que mostramos nuestra disconformidad con el trato hacia la comunidad gitana y quedamos a su disposición para tratar el tema detenidamente."
52947fe1-8a36-4263-8c39-0d89770583f3,https://informesdiscriminacion.gitanos.org/casos/valladolid-medios-de-comunicaci%C3%B3n-discriminaci%C3%B3n-directa-11,2023-03-23,2023-03-23,Valladolid. Medios de comunicación. Discriminación directa,"Debido a la repercusión de la noticia, se investigó para saber en cuantos medios más se había reproducido la noticia con la mención a la etnia. Se pudo comprobar que la noticia fue publicada en un total de cuatro medios de comunicación distintos. En tres medios se reprodujeron palabras textuales del hombre donde decía frases como: “entre los gitanos es una tradición”. Otro medio titulaba un apartado de su noticia como “un rito gitano más”.

Desde la FSG se enviaron cartas de queja a cada uno de los medios solicitando la eliminación de la mención étnica."
9685c34d-a894-48be-bb8d-9379283e2142,https://informesdiscriminacion.gitanos.org/casos/islas-baleares-medios-de-comunicaci%C3%B3n-discriminaci%C3%B3n-directa-2,2023-03-23,2023-03-23,Islas Baleares. Medios de comunicación. Discriminación directa,El medio digital Última Hora publicó una noticia en la que se hacía mención a la etnia gitana de los presuntos implicados.
3416b3ff-ca09-4686-8708-9b0275857dd9,https://informesdiscriminacion.gitanos.org/casos/islas-baleares-medios-de-comunicaci%C3%B3n-discriminaci%C3%B3n-directa-1,2023-03-23,2023-03-23,Islas Baleares. Medios de comunicación. Discriminación directa,"El periódico Última Hora de Mallorca publicó una noticia en la que se informaba de una presunta agresión a agentes de policía por una banda, indicando que sus miembros eran gitanos."
dfa7b6a1-79c1-4433-b9e9-d326ec1394a3,https://informesdiscriminacion.gitanos.org/casos/sevilla-medios-de-comunicaci%C3%B3n-discriminaci%C3%B3n-directa-21,2023-03-23,2023-03-23,Sevilla. Medios de comunicación. Discriminación directa,"Se envió una carta dirigida al director del Diario de Sevilla para comunicarle nuestra disconformidad por la mención de la etnia gitana en sucesos como el que se publicó y mostrarles nuestra disponibilidad para tratar el tema detenidamente. Se realizó llamada al Diario para intentar contactar con el director y no se obtuvo respuesta. Sin embargo, la secretaria del mismo nos pidió que le enviásemos las cartas a ella y en su caso, a los periodistas que las firmaron. Nos facilitó todos los correos electrónicos."
df2f6388-50e5-42b4-837e-a614d25e0e31,https://informesdiscriminacion.gitanos.org/casos/murcia-medios-de-comunicaci%C3%B3n-discriminaci%C3%B3n-directa-15,2023-03-23,2023-03-23,Murcia. Medios de comunicación. Discriminación directa,Se pudo constatar que la mención a la etnia no aportaba nada a la noticia y en cambio consolidaba estereotipos negativos que pueden generar discurso de odio hacia la comunidad gitana. Se envió carta de queja al medio.
e4d622bd-3fe0-4ec4-bc12-56bd4355a4be,https://informesdiscriminacion.gitanos.org/casos/valladolid-medios-de-comunicaci%C3%B3n-discriminaci%C3%B3n-directa-10,2023-03-23,2023-03-23,Valladolid. Medios de comunicación. Discriminación directa,"La Revista Jara y Sedal publicó una noticia en la que especificaba que los cazadores furtivos eran personas de etnia gitana.

Se comprobó que efectivamente, existía una mala praxis periodística al mencionar la etnia gitana en una noticia."
7f5f9b0f-c1ac-4fd1-a7ac-7792deb8fde7,https://informesdiscriminacion.gitanos.org/casos/salamanca-medios-de-comunicaci%C3%B3n-discriminaci%C3%B3n-directa-39,2023-03-23,2023-03-23,Salamanca. Medios de comunicación. Discriminación directa,"Positivo. La directora del medio contestó lo siguiente: “En primer término, pedirle disculpas por el contenido al que hace referencia, pues he de decirle que estamos muy concienciados y determinados a eliminar cualquier tipo de información con sesgos discriminatorios, ya sea de origen sexual, racial o religioso, tal y como nos hemos comprometido en anteriores comunicaciones. Por ello, me gustaría explicarle las circunstancias en las que se ha producido esta publicación, en plenas fechas navideñas, cuando en nuestra redacción tenemos automatizados determinados servicios, como es el caso, de las informaciones procedentes de agencia. En este caso, la información corresponde a la Agencia Ical, uno de nuestros proveedores de información, por lo que el contenido interior de la noticia no ha sido revisado por nuestros redactores. Le informamos de que hemos procedido a eliminar ese párrafo, y le invitamos a que comunique esto mismo a la citada agencia, para evitar casos futuros. Reiterándole las disculpas y nuestro compromiso con el colectivo gitano, reciba un cordial saludo”"
99bd6990-5947-443f-a9ed-092175b972dc,https://informesdiscriminacion.gitanos.org/casos/sevilla-medios-de-comunicaci%C3%B3n-discriminaci%C3%B3n-directa-20,2023-03-23,2023-03-23,Sevilla. Medios de comunicación. Discriminación directa,En la ciudad de Sevilla hubo un altercado entre chicas gitanas; el medio de comunicación Diario de Sevilla recogió la noticia mencionando la etnia de estas jóvenes.
ed4b2fb5-5088-4d97-8cdf-0e8a31ac007c,https://informesdiscriminacion.gitanos.org/casos/le%C3%B3n-medios-de-comunicaci%C3%B3n-discriminaci%C3%B3n-directa-3,2023-03-23,2023-03-23,León. Medios de comunicación. Discriminación directa,"Positivo. El medio contestó lo siguiente: “Agradecemos su comentario al respecto de la información publicada por nuestro medio. La misma no pretendía estigmatizar a ninguna persona por su condición y si acaso focalizar la información. Admitiendo que existe un error en el tratamiento de la información que será subsanado se trata de una información de la Agencia ICAL de información trasladada de forma directa al medio. Debería, quizá, trasladar esa misma consideración a la citada agencia a fin de que evite en lo sucesivo caer en el mismo error.”"
3c809dce-f2bb-458d-9cee-43047515ed30,https://informesdiscriminacion.gitanos.org/casos/islas-baleares-medios-de-comunicaci%C3%B3n-discriminaci%C3%B3n-directa-0,2023-03-23,2023-03-23,Islas Baleares. Medios de comunicación. Discriminación directa,El medio digital Última hora publicó una noticia con el siguiente titular: “Las mafias africanas que dirigen el narcotráfico en la barriada de Son Gotleu han arrebatado el poder de la venta de sustancias estupefacientes a los clanes gitanos en Son Gotleu”.
3da846f3-75cb-4311-b61e-4ac541c2829d,https://informesdiscriminacion.gitanos.org/casos/estatal-medios-de-comunicaci%C3%B3n-discriminaci%C3%B3n-directa-50,2023-03-23,2023-03-23,Estatal. Medios de comunicación. Discriminación directa,"Se reportó a los distintos medios y se enviaron cartas de queja insistiendo en que la mención de la etnia gitana o la utilización de términos inadecuados como “patriarcas” no aportaba nada a la noticia, pero reforzaba los estereotipos y los prejuicios hacia la comunidad gitana."
2c0ab8f2-4078-4893-91ee-8f678e9fc7e4,https://informesdiscriminacion.gitanos.org/casos/granada-otros-discriminaci%C3%B3n-directa-8,2023-03-23,2023-03-23,Granada. Otros. Discriminación directa.,"Un cuestionario para un estudio dirigido a personas gitanas, tenía alguna pregunta formulada de manera que podría dar lugar a error, además de dar unas respuestas sesgadas, como si las personas gitanas no fueran españolas, como por ejemplo:

“A los españoles/as les molesta que sus hijos tengan compañeros/as de etnia gitana en su escuela”.

“A los/as españoles/as no les gusta tener vecinos gitanos/as”.

“A los/as españoles les molesta trabajar con personas gitanas”"
18caaf4d-7315-48a0-9446-270fdb49d82a,https://informesdiscriminacion.gitanos.org/casos/5-ucrania-grupos-de-extrema-derecha-atacan-comunidades-gitanas-tras-un-conflicto-entre-dos,2023-03-23,2023-03-23,5. Ucrania Grupos de extrema derecha atacan a comunidades gitanas tras un conflicto entre dos jóvenes gitanos y un soldado.,"Alrededor de 50 miembros de grupos de extrema derecha ucranianos (incluidos C-14, Right Sector, Svoboda y el Cuerpo Nacional) intentaron atacar casas pertenecientes a personas romaníes el domingo 17 de octubre de 2021. Los manifestantes lanzaron bengalas y bombas de humo y corearon “muerte a los traficantes de drogas” mientras los policías formaban una línea de protección para evitar que entraran al barrio de mayoría romaní en Irpin, una ciudad a unos 20 kilómetros de Kiev.

La acción se organizó en respuesta a un conflicto entre dos adolescentes romaníes, de 16 y 17 años, que presuntamente atacaron a un soldado ucraniano de 22 años la noche del 15 de octubre 2021. Según Irina Pyanishnikova, portavoz de la Policía Nacional en la región de Kiev: “hubo un caso en el que dos jóvenes gitanos causaron daños corporales leves a uno de los habitantes de Irpin. Hemos abierto una investigación penal”.

La protesta se prolongó hasta la noche. Los intentos de asaltar hogares romaníes fueron evitados con éxito por la fuerte presencia policial en la protesta, que incluía a oficiales del de partamento de policía del distrito, del Departamento de Actividades Preventivas y fuerzas especiales, así como al líder de la Región Policial de Kiev que estaba presente en el lugar.

La intimidación de toda una comunidad romaní basada en las acciones de dos adolescentes es solo el ejemplo más reciente de castigo colectivo a manos de grupos de extrema derecha en Ucrania. En los últimos años, las comunidades gitanas de todo el país han sido objeto de intimidaciones similares, a menudo dirigidas por las mismas organizaciones de extrema derecha que estuvieron presentes en la protesta del 17 de octubre 2021.

En algunos casos, estas acciones han dado lugar a pogromos de comunidades enteras. En 2018 y 2019, hubo una serie de al menos 6 pogromos y ataques de extrema derecha contra personas romaníes en toda Ucrania. Un ataque el 23 de junio de 2018 fue especialmente grave, cuando miembros del grupo de extrema derecha Lemberg Jugend (Juventud de Lviv) mataron a un hombre romaní de 23 años, David Popp, en las afueras de Lviv.

En este caso la policía actuó con competencia y responsabilidad, previniendo violencias graves o daños a la propiedad. Con demasiada frecuencia, este no es el caso en Ucrania. En agosto de 2016, la policía se mantuvo al margen en Loshchynivka mientras los aldeanos destruían casas de personas romaníes y expulsaban a toda la comunidad romaní de la aldea. En mayo de 2018, la policía nacional no pudo proteger a los romaníes en Lviv de un ataque de hombres enmascarados que los sacaron a rastras de su lugar de residencia, los golpearon y prendieron fuego a sus casas. En abril de 2018, los grupos de extrema derecha C-14 y los “Guardias Municipales” expulsaron a quince familias romaníes de sus hogares en la reserva natural de Lysa Hora en Kiev, aparentemente bajo la autoridad de la policía local y la administración del distrito. Agresores de extrema derecha, armados, persiguieron a los padres que huían con niños pequeños, les arrojaron piedras y luego prendieron fuego a las tiendas donde los romaníes habían estado viviendo. Los grupos actuaban según un memorando de cooperación firmado con la Administración del Distrito de Holosiyiv y la Policía Nacional de Holosiyiv en diciembre de 2017 para brindar servicios de seguridad. Más recientemente, en abril de 2020, la policía y el Fiscal no iniciaron una denuncia penal después de que una familia romaní fuera golpeada y de que incendiaran sus tiendas de campaña en Kiev.

Teniendo en cuenta este historial de negligencia, los romaníes de Ucrania tienen pocos motivos para confiar en que la policía y autoridades los protegerá de los ataques de la extrema derecha. La actuación de los agentes que asistieron a la protesta de extrema derecha del 17 de octubre de 2021 debería servir como ejemplo de cómo abordar los incidentes de intimidación racista."
48eb91ef-dca6-40e6-a8ac-deb2644dddbf,https://informesdiscriminacion.gitanos.org/casos/4-serbia-un-grupo-serbio-de-extrema-derecha-es-obligado-retirar-sus-discursos-de-odio,2023-03-23,2023-03-23,4. Serbia Un grupo serbio de extrema derecha es obligado a retirar sus discursos de odio antigitanos.,"extrema derecha que opera bajo la apariencia de una organización de derechos de los animales, que dejara de publicar contenido de odio contra las personas romaníes y eliminara cualquier contenido ya publicado que incitara al odio contra los romaníes, en un plazo de 30 días. La decisión se publicó el 12 de mayo de 2021, después de que se tramitaran muchas denuncias de personas gitanas de Serbia, a través de la organización local “Vojvodjanski Romski Centar”, contra el grupo de extrema derecha.

Después de que el Comisionado inspeccionara las denuncias que contenían ejemplos de discurso de odio de Levijatan, se emitió la opinión de que el movimiento había “fomentado la discriminación y el odio hacia los romaníes, y comentarios que incitaban a la violencia, violando los artículos 11 y 12 de la Ley de Prohibición de la Discriminación, que prohíbe la incitación al odio y el acoso a un grupo o a una persona en función de sus características personales”. Se instó a la Fundación Movimiento Levijatan a retirar publicaciones, contenidos y comentarios que fomenten la discriminación y el odio hacia las personas gitanas y que generan miedo y un ambiente hostil hacia los miembros de esta minoría nacional. Se les dijo además que deben garantizar un sistema de moderación efectivo, de modo que los comentarios de Facebook que representen un discurso de odio o acoso basado en el origen étnico no se permitan para evitar violaciones de la legislación contra la discriminación.

El Movimiento Levijatan, que tiene más de 270.000 seguidores en Facebook, pretende ser una organización de derechos de los animales, pero centra gran parte de su trabajo en la deshumanización de los romaníes y en la producción de contenido en las redes sociales con la intención de incitar al odio. El grupo declara abiertamente que existen para oponerse a los romaníes en Serbia, con el fin de abolir lo que llaman “medidas preferenciales para los romaníes”. Gran parte de su contenido en las redes sociales utiliza discursos de odio contra los romaníes, incita a la violencia y sembrar la división en la sociedad serbia."
7357bced-75f9-42ab-92ec-d9f4f32ca450,https://informesdiscriminacion.gitanos.org/casos/3-ruman%C3%ADa-el-ayuntamiento-de-eforie-deber%C3%A1-pagar-43200-euros-por-los-desahucios-ilegales-de,2023-03-23,2023-03-23,3. Rumanía El ayuntamiento de Eforie deberá pagar 432.00 euros por los desahucios ilegales de familias gitanas.,"El 8 de julio de 2021 el Tribunal de Apelación de Rumanía confirmó la sentencia anterior del Tribunal de Constanța y dictaminó que el alcalde de Eforie y la Unidad Territorial Administrativa de Eforie deben pagar una suma de aproximadamente 36.000 € a cada persona romaní desalojada en 2013, así como proporcionar vivienda social para cada familia. Hay doce personas representadas en el caso, lo que significa que el coste total para las autoridades de Eforie (menos los costes de vivienda) será de aproximadamente 432.000 €.

El caso fue presentado por el Centro Europeo de Derechos de los Romaníes (ERRC) y RomaJust

El desalojo se produjo el 27 de septiembre de 2013 y tuvo como objetivo a una comunidad gitana que vivía en la calle Agricole en unas 22 casas, desde hacía 40 años. Fue llevado a cabo por 80 policías acompañados por trabajadores del municipio y excavadoras, bajo la supervisión directa del teniente de alcalde de Eforie que asistió al desalojo. Más de 100 personas, incluidos 55 niños y niñas, quedaron sin hogar cuando sus hogares fueron destruidos sin consulta ni provisión de vivienda alternativa adecuada. Los medios locales informaron que se escuchó al teniente de alcalde amenazar a los romaníes que se resistían, diciendo “si no salen, los vamos a matar aquí”.

En los días siguientes, las personas desalojadas tuvieron que vivir a la intemperie en albergues temporales hasta que algunos pudieron refugiarse en un edificio escolar abandonado sin ventanas ni electricidad. Algunas de estas personas fueron desalojadas por segunda vez en julio de 2014 por el teniente de alcalde y reubicadas en contenedores fuera de la ciudad. Estos contenedores eran demasiado pequeños para albergar a todos los miembros de las familias y tenían un acceso inadecuado a las instalaciones básicas. El resto de las familias no recibieron alojamiento de ningún tipo.

Después de que el Tribunal Europeo de Derechos Humanos detuviera otro intento de desalojo a las familias gitanas que vivían en los contenedores en marzo de 2016, el desalojo original finalmente se consideró ilegal y discriminatorio el 1 de junio de 2016."
4627b4f9-34b8-4bfd-8649-fcfc58445ffb,https://informesdiscriminacion.gitanos.org/casos/2-irlanda-la-polic%C3%ADa-de-irlanda-llega-un-acuerdo-con-una-profesora-gitana-que-present%C3%B3-una,2023-03-23,2023-03-23,2. Irlanda La policía de Irlanda llega a un acuerdo con una profesora gitana que presentó una denuncia por discriminación.,"El servicio de policía de Irlanda recibió una denuncia por discriminación presentada por la profesora gitana estadounidense Sra. Ethel Brooks que viajó a Irlanda en agosto de 2017 para una ceremonia del Día de Recuerdo de las Víctimas del Holocausto de los gitanos/as. El evento fue copatrocinado por el entonces Departamento de Justicia e Igualdad de Irlanda y la Embajada de los Estados Unidos. Ethel Brooks es la presidenta del Centro Europeo de Derechos de los Romaníes (ERRC). Es profesora adjunta en el Departamento de Estudios Sexuales y de Género de la Mujer en la Universidad de Rutgers, Nueva Jersey, y también fue nombrada miembro del Consejo Conmemorativo del Holocausto de EE. UU. por el entonces presidente de EE. UU., Barack Obama.

La Sra. Brooks presentó una denuncia debido a que a su llegada al aeropuerto de Dublín, fue objeto de comentarios discriminatorios y despectivos en contra de los travellers y los gitanos por parte de un miembro de la policía en el control de pasaportes.

“Estaba muy conmocionada y angustiada por los comentarios que me hizo la policía”, dijo la profesora Brooks; “Era algo que no me esperaba. Ahora me doy cuenta de que es indicativo del racismo y la discriminación que los travellers y los romaníes viven todos los días en Irlanda”.

En mayo del año 2021 se resolvió la denuncia con un acuerdo por parte de la policía, que reconocía su error y presentaba disculpas a la Sra. Ethel Brooks. Como parte del acuerdo, la policía reconoce que “todas las personas deben ser tratadas con cortesía y respeto independientemente de su origen o etnia”. El acuerdo indica que todos los/las agentes deben cumplir con su Código de Ética que establece responsabilidades bajo la legislación de igualdad irlandesa e incluye el compromiso de impartir un módulo sobre diversidad e igualdad como parte de la formación de su personal. Además, Pavee Point Traveler & Roma Center recibirá una donación que se destinará a apoyar el trabajo de Pavee Point contra el racismo y la igualdad."
0c94fff7-8b74-43da-a77c-c70ea228af85,https://informesdiscriminacion.gitanos.org/casos/1-rep%C3%BAblica-checa-un-joven-roman%C3%AD-fallece-bajo-custodia-policial,2023-03-23,2023-03-23,1. República Checa Un joven romaní fallece bajo custodia policial.,"Stanislav Tomáš, un joven gitano, fue retenido a la fuerza durante su arresto el 19 de junio de 2021 por agentes de policía en Teplice y murió tras sufrir complicaciones de salud a partir de ese incidente. Las imágenes de su arresto se compartieron en las redes sociales y fueron ampliamente criticadas por activistas y organizaciones checas e internacionales, lo que provocó protestas en toda Europa. El video mostraba a un oficial de policía arrodillado sobre el cuello de Stanislav de una manera que recuerda la acción que mató al hombre afroamericano, George Floyd, en mayo de 2020.

La familia de Stanislav Tomáš presentó una denuncia penal contra la policía checa con el apoyo legal del Centro Europeo de Derechos de los Romaníes (ERRC).

“Este no es el primero y, lamentablemente, no será el último caso de una persona gitana que muere bajo custodia policial”, dijo el presidente de ERRC, Đorđe Jovanović. “El acoso policial, los perfiles étnicos, la brutalidad, la tortura y, a veces, incluso la muerte es la experiencia de muchos romaníes en Europa cuando interactúan con las fuerzas del orden. Hasta que los órganos de investigación de la policía sean totalmente independientes, los romaníes no recibirán justicia y los agentes no se enfrentarán a las consecuencias de las acciones discriminatorias que tomen. Mientras tanto, el ERRC continuará tomando todas y cada una de las acciones legales que estén a nuestro alcance para obtener justicia”.

Si bien los resultados de la autopsia publicados por la policía indican que la causa de su muerte no estuvo relacionada con las acciones de la policía, el ERRC sigue preocupado porque el uso desproporcionado de la fuerza. Este joven gitano perdió la vida mientras estaba bajo la custodia de agentes de policía que tenían el deber de cuidarlo.

La periodista de la asociación checa Romea News, Gwendolyn Albert, analiza el caso en este video:"
ea243305-6c30-4904-9e97-c10689573102,https://informesdiscriminacion.gitanos.org/casos/asturias-otros-discriminaci%C3%B3n-directa-e-interseccional,2023-03-23,2023-03-23,Asturias. Otros. Discriminación directa e interseccional.,"Un joven gitano con discapacidad psíquica y una ayudante de la FSG fueron a hacer un trámite al Juzgado. La administración pública asturiana había retirado la obligación de acudir con cita previa, por lo que ambos acudieron sin cita. Una de las funcionarias les trató de malas formas gritándoles “fuera, fuera” para que se fueran por no tener programada una cita. Se produjo una situación violenta mientras la colaboradora de la FSG explicaba por qué fueron sin cita, pero la funcionaria siguió contradiciendo en tono agresivo. La colaboradora se disculpó por no tener cita, pero manifestó que no se habían sentido bien atendidos."
03f21088-5aea-4e82-bc05-28fe63ed7b6a,https://informesdiscriminacion.gitanos.org/casos/m%C3%A1laga-otros-discriminaci%C3%B3n-directa-6,2023-03-23,2023-03-23,Málaga. Otros. Discriminación directa.,"Un joven gitano se sintió discriminado a causa de su etnia por parte de su ex pareja y su abogada durante el proceso de divorcio.

Relató que la ex mujer incidió en su identidad étnica como gitano para perjudicarle, por ejemplo, comentó ante el juez que “los gitanos no toleraban el divorcio” y que “tenía que tener cuidado porque pertenecía a un clan”."
ca1e0f8d-b6bd-424a-886f-26daec88f1d0,https://informesdiscriminacion.gitanos.org/casos/%C3%A1vila-otros-discriminaci%C3%B3n-directa,2023-03-23,2023-03-23,Ávila. Otros. Discriminación directa.,"Una mujer no gitana acusó a una mujer gitana de maltrato animal, hubo cruzada de malas palabras entre las que se encontraban comentarios estereotipados antigitanos como: “no tienes educación porque todos los gitanos sois así”, “gitana de mierda”...

La mujer gitana denunció la situación y además se indicó que en una ocasión llamó a la policía local ya que la vecina tuvo intención de agredirla."
516948b2-1d11-47d4-a848-5541ee5447d3,https://informesdiscriminacion.gitanos.org/casos/c%C3%A1diz-otros-discriminaci%C3%B3n-directa-1,2023-03-23,2023-03-23,Cádiz. Otros. Discriminación directa.,"Esperamos a que pase el plazo de asignación de espacios municipales para ponernos en contacto con el hombre. Éste cuenta que desde la delegación de cultura y fiestas se pusieron en contacto con él para ofrecerle la posibilidad de impartir una vez a la semana clases de flamenco en el polideportivo de la localidad, aunque esta opción tendría que compartirla con otra monitora que da allí clases de sevillanas. El hombre está seguro que esto es un trato desigual porque a otras personas no gitanas se les han facilitado espacios municipales para impartir sus talleres, mientras que, al hombre se le ha negado esta oportunidad o en el mejor de los casos le pusieron muchas dificultades para acceder a dichos espacios.

Se envió una carta a la Delegación de Festejos en el que se explicó la situación del hombre."
a3f1064a-f007-4cf7-bf5f-4af85964b30d,https://informesdiscriminacion.gitanos.org/casos/c%C3%A1diz-otros-discriminaci%C3%B3n-directa-0,2023-03-23,2023-03-23,Cádiz. Otros. Discriminación directa.,"Positivo. El Ayuntamiento de Cádiz contestó agradeciendo la información. También trasladó que estarían más atentos, aunque este tipo de guías no forman parte de la plantilla del Ayuntamiento y por lo tanto no tienen competencias."
1dca2773-7bdc-487b-9a36-08c1e296e307,https://informesdiscriminacion.gitanos.org/casos/segovia-otros-discriminaci%C3%B3n-directa,2023-03-23,2023-03-23,Segovia. Otros. Discriminación directa.,"Un hombre gitano acudió a una empresa de venta de chatarra. Al entrar al establecimiento la mujer encargada le dijo con un tono elevado y muy hostil que se fuera, “que no quiere atender a gitanos”.

Él le preguntó por qué, a lo que respondió que ya había tenido muchos “líos” con gitanos. Tras la contestación y decirle que no debe actuar así ya que no todos los gitanos son iguales le solicitó una hoja de reclamaciones.

En ese momento la mujer cambió su actitud, le pidió disculpas y le atendió."
2b8b8154-8297-43f1-ae87-053a15e3b1bb,https://informesdiscriminacion.gitanos.org/casos/granada-otros-discriminaci%C3%B3n-directa-9,2023-03-23,2023-03-23,Granada. Otros. Discriminación directa.,"Una mujer gitana recibía comentarios de una vecina como: “qué mala gente que son los gitanos” en reiteradas ocasiones desde que se mudaron a la casa. La vecina llamó en numerosas ocasiones a la Policía Local sin motivo aparente. Un agente de la policía local es amigo de la vecina, por lo que acudía a su llamada personándose en la casa de la víctima, incluso haciendo registros en la vivienda, insinuando que tenían droga y que se dedicaban a negocios ilegales."
bccb92b9-8900-4da9-9fe6-53921d7776b5,https://informesdiscriminacion.gitanos.org/casos/huelva-otros-discriminaci%C3%B3n-directa-e-interseccional,2023-03-23,2023-03-23,Huelva. Otros. Discriminación directa e interseccional.,"En una discoteca un grupo de hombres comenzó a insultar a un hombre gitano con frases como: “encima de maricón, eres gitano”, intentaron pegarle a él y a sus dos amigos que le acompañaban; la reacción de ellos fue salir corriendo de la zona. Tuvo otro episodio similar, pero no supo cómo actuar ante esta situación."
d83ccc93-c04d-433e-8a8e-0b3dd3cda465,https://informesdiscriminacion.gitanos.org/casos/badajoz-otros-delito-de-odio-e-interseccional,2023-03-23,2023-03-23,Badajoz. Otros. Delito de odio e interseccional.,"Teniendo en cuenta la gravedad de los hechos y de manera inmediata, desde la FSG se llevaron a cabo las siguientes actuaciones:

- Se llamó por teléfono al fiscal de delitos de odio para informarle de los hechos y solicitar que se abrieran diligencias de investigación.

- Contactamos con el Comandante Jefe de Operaciones para saber si tenían conocimiento de los hechos y solicitarles que lo investigaran como un posible delito de odio antigitano y xenófobo.

- Formulamos un escrito de denuncia a la fiscalía de delitos de odio.

- Contactamos con la Unidad Orgánica de la Policía Judicial para solicitar información sobre los hechos.

- Localizamos a las víctimas y las entrevistamos para conocer detalladamente los hechos.

- Se interpuso ampliación de denuncia ante la fiscalía de delitos de odio.

- Al tratarse de unos hechos tan graves y de unas víctimas en situación de vulnerabilidad, decidimos personarnos en el procedimiento con una abogada experta en derecho penal y antidiscriminatorio."
e23d301b-2fe3-4172-b787-3998dd562035,https://informesdiscriminacion.gitanos.org/casos/cuenca-otros-discriminaci%C3%B3n-directa-4,2023-03-23,2023-03-23,Cuenca. Otros. Discriminación directa.,"En una urbanización había un cartel en el que se alertaba a los vecinos de la presencia de okupas y ladrones en la zona. Concretamente el cartel decía:

Estimados vecinos

OKUPAS Y LADRONES MERODEAN NUESTRO BARRIO

Desde el Ayuntamiento y Policía nos han informado que el “El Clan de los Cádiz” están en Cuenca y se han fijado en nuestro barrio

La policía local y secreta están muy pendientes, pero informan que es MUY IMPORTANTE si veis movimiento de personas de Etnia Gitana por el barrio avisar a Policía Nacional inmediatamente ya que quieren ocupar las viviendas o robar.

Estar pendientes de marcas en las puertas y cosas así."
ff45db52-e162-4b97-b527-4fb27bf3ae67,https://informesdiscriminacion.gitanos.org/casos/palencia-otros-discurso-de-odio,2023-03-23,2023-03-23,Palencia. Otros. Discurso de odio.,"La FSG comprobó la existencia de dichas pintadas, que también habían sido denunciadas en la web de un medio de comunicación y se contactó con el alcalde de la localidad para informar sobre las pintadas y solicitar que se borrasen."
12734012-5bc5-42bd-ac8a-200e34e45693,https://informesdiscriminacion.gitanos.org/casos/le%C3%B3n-otros-discriminaci%C3%B3n-directa-e-interseccional,2023-03-23,2023-03-23,León. Otros. Discriminación directa e interseccional.,"Se tuvo una entrevista presencial, en la cual la mujer gitana admitió que se sentía discriminada. Se le informó de sus derechos a la Igualdad de trato y no discriminación y se le asesoró en posibles acciones. La mujer habló con la coordinadora y le expuso la situación y cómo se había sentido ante estos comentarios.

Unos días más tarde, volvimos a mantener contacto telefónico con la mujer gitana y nos contó que su relación con la coordinadora había cambiado y que no volvió a reproducir comentarios antigitanos. Decidió no enviar carta a la coordinadora y que no entablásemos una conversación con la coordinadora."
5b8f0489-db84-4a19-a033-55f71660b9a9,https://informesdiscriminacion.gitanos.org/casos/barcelona-otros-discriminaci%C3%B3n-directa-e-interseccional,2023-03-23,2023-03-23,Barcelona. Otros. Discriminación directa e interseccional.,Desde la FSG se contactó con la joven y se le informó de sus derechos a la Igualdad de trato y a la no discriminación múltiple por su condición de mujer gitana trans. Se le asesoró de las posibles acciones.
f0a81c73-27cd-441d-ab07-8f0bb2f94bb7,https://informesdiscriminacion.gitanos.org/casos/badajoz-otros-discurso-de-odio-amenazas-y-acoso-verbal,2023-03-23,2023-03-23,Badajoz. Otros. Discurso de odio. Amenazas y acoso verbal.,"Un hombre gitano, que iba por la calle con su hijo, fue amenazado e insultado por un señor, que le dijo: “mira por dónde viene el gitano de mierda, te tenías que pudrir en la cárcel, cuando te cojamos sólo, te vamos a matar”."
bd45cead-37c8-45a9-a60b-d2796ef644e9,https://informesdiscriminacion.gitanos.org/casos/asturias-otros-discurso-de-odio,2023-03-23,2023-03-23,Asturias. Otros. Discurso de odio.,"Las pintadas fueron eliminadas en el momento, por lo que no fue necesario trasladar la incidencia."
39e0997a-d676-447b-b32f-23118e454340,https://informesdiscriminacion.gitanos.org/casos/m%C3%A1laga-otros-discriminaci%C3%B3n-directa-5,2023-03-23,2023-03-23,Málaga. Otros. Discriminación directa.,"Una pareja gitana tenía el coche aparcado frente a un establecimiento y un coche se les aparcó justo detrás. Hubo un pequeño choque entre los coches que dio lugar a una discusión. En este contexto se produjeron comentarios racistas en los que, según las víctimas, se dijeron: “salid que vamos a arreglar esto, que vosotros sois muy listos, que tenéis que dar las gracias por estar en este país”. Llamaron a la policía porque sintieron que les quisieron agredir y la policía les aconsejaron que no denunciaran porque no podían demostrar el racismo."
050ef949-c282-4049-b9f0-d9620cf12e41,https://informesdiscriminacion.gitanos.org/casos/valencia-otros-discriminaci%C3%B3n-directa-e-interseccional,2023-03-23,2023-03-23,Valencia. Otros. Discriminación directa e interseccional.,"Una familia gitana solicitó asesoramiento a la FSG sobre cómo proceder ante una demanda en la que se incluían argumentos antigitanos en relación a la custodia legal de unas menores.

La demanda decía:

“...Decimos de esta situación de riesgo de exclusión no solo en cuanto a la situación educativa sino también por las costumbres que es de todos conocidos por las etnias gitanas, esto es, que tienen por costumbre relegar a las niñas gitanas al plano del hogar como antaño, casarlas en plena adolescencia, sacarlas del colegio y destinarlas a la crianza de hijos y al hogar...” “clan de etnia gitana”

“Ambiente paterno delictivo de dudoso beneficio para las menores. Riesgo de exclusión social: etnia gitana”. Señalaba la demanda a la abuela como “matriarca del clan gitano paterno”"
0eaa7fb7-03ea-4b9a-9b45-278a837c0a1a,https://informesdiscriminacion.gitanos.org/casos/sevilla-otros-discriminaci%C3%B3n-directa-3,2023-03-23,2023-03-23,Sevilla. Otros. Discriminación directa.,"Una mujer gitana acudió a comprar a un establecimiento, y tras conocer la vendedora que la clienta poseía el carnet de conducir, le hizo el siguiente comentario:

- ¡Anda, la gitana tiene el carnet y yo no!

La mujer se quedó cortada, aunque conocía a la vendedora, no le agradó que se dirigiera a ella de ese modo."
d4dcc291-be3d-40ab-9a8c-06970931b6a8,https://informesdiscriminacion.gitanos.org/casos/almer%C3%ADa-otros-discriminaci%C3%B3n-directa-15,2023-03-23,2023-03-23,Almería. Otros. Discriminación directa.,"Una chica informó que en un parque acuático escuchó comentarios racistas hacia los gitanos. Un grupo de jóvenes del barrio entraron al parque con entradas con descuento, por pertenecer a este barrio. Varias personas conocedoras de esta situación, hicieron comentarios tales como: “Míralos luego no quieren, entran y comen por la cara”. “Vaya con los gitanitos...”"
0eb152a2-8488-45f9-b0f7-16d13fb61bc0,https://informesdiscriminacion.gitanos.org/casos/ciudad-real-otros-discriminaci%C3%B3n-directa-5,2023-03-23,2023-03-23,Ciudad Real. Otros. Discriminación directa.,"En un caso de abusos sexuales a una menor de edad, el abogado alegó como atenuante la sexualidad precoz de la comunidad gitana, y añadió que la sentencia era un anacronismo y que, a pesar de ser menor de edad, la víctima, “debido al estilo de su cultura y la precocidad sexual de la cultura gitana”, tenía el mismo grado de madurez que el agresor de 20 años."
1f8342ee-65d8-43ad-b239-ce1edba6d1a9,https://informesdiscriminacion.gitanos.org/casos/c%C3%A1ceres-otros-discriminaci%C3%B3n-directa-1,2023-03-23,2023-03-23,Cáceres. Otros. Discriminación directa,"Un hombre gitano se encontraba en su domicilio particular de su localidad, cuando escuchó por parte de una operaria de limpieza, contratada por el Ayuntamiento, comentarios como “los gitanos son unos guarros”, “he sacado dos cajas llenas de mierda de los gitanos”. El hombre se sintió ofendido y discriminado, y fue al Ayuntamiento a quejarse; allí le dijeron que fuera a la Guardia Civil a poner una denuncia. Acto seguido fue a la FSG, donde se le asesoró."
15a6efc5-c0d4-4223-b48c-9d01e3982701,https://informesdiscriminacion.gitanos.org/casos/almer%C3%ADa-otros-discriminaci%C3%B3n-directa-14,2023-03-23,2023-03-23,Almería. Otros. Discriminación directa.,"Una chica de etnia gitana acudió a la oficina de la FSG en Almería. Por las medidas de prevención (Covid19) se encontraba en la puerta esperando a ser atendida. Una señora pasaba cerca del edificio con su hijo, que estaba jugando a pasar la mano por la fachada. Cuando llegó a la puerta de la FSG, su madre le quito corriendo la mano, y en tono despectivo, dijo, “eso es de gitanos.” La chica le reprochó por decir eso, que era un prejuicio. La señora no respondió."
20ec6316-f0d6-4e8f-96fc-dfdfcef942fd,https://informesdiscriminacion.gitanos.org/casos/ja%C3%A9n-otros-discriminaci%C3%B3n-directa-11,2023-03-23,2023-03-23,Jaén. Otros. Discriminación directa.,"Se envió desde la FSG junto a otras entidades del sector una carta a los distintos representantes políticos. Desde Fakali se difundió un Comunicado manifestando el rechazo a los insultos antigitanos. Posteriormente el alcalde pidió a la FSG apoyo para elaborar una declaración institucional, que se llevaría a pleno si la aprobaban todos los grupos."
c523050e-3de0-4051-8dab-624e6f2009ab,https://informesdiscriminacion.gitanos.org/casos/madrid-otros-discurso-de-odio-3,2023-03-23,2023-03-23,Madrid. Otros. Discurso de odio.,"Una mujer gitana con su hija entraron al metro. Sin darse cuenta, la menor pisó a otra mujer al entrar al vagón. La madre y la hija pidieron disculpas a la mujer. Sin embargo, al entrar al vagón, la mujer empezó a insultarlas diciéndoles “gitanas de mierda, que no tenéis ni país, me cago en vuestros muertos, os voy a matar”.

Para evitar conflicto, la madre y la hija se bajaron en la siguiente estación. A pesar de ello, la mujer las siguió para seguir insultándolas e incluso empujó a la madre. Finalmente, llamaron a la policía."
28b31cc1-5177-4412-a1c5-3a3ace080e4a,https://informesdiscriminacion.gitanos.org/casos/ja%C3%A9n-otros-discriminaci%C3%B3n-directa-10,2023-03-23,2023-03-23,Jaén. Otros. Discriminación directa.,"En el pleno del Ayuntamiento un concejal utilizó como insulto contra el equipo del Gobierno local, la palabra “gitanos” junto a “caraduras”."
78c4abb6-7c34-4180-84eb-3849ebfe5901,https://informesdiscriminacion.gitanos.org/casos/estatal-otros-discriminaci%C3%B3n-directa-3,2023-03-23,2023-03-23,Estatal. Otros. Discriminación directa.,"Desde la FSG se envió una carta al Comité de ética de Renfe, expresando la preocupación porque los términos de la licitación vulneraban los derechos a la igualdad y a la privacidad. Desde Renfe respondieron que lo estudiarían, teniendo en cuenta su protocolo ético."
80524936-1ac8-486a-977f-e9c49ead07f2,https://informesdiscriminacion.gitanos.org/casos/barcelona-vivienda-discriminaci%C3%B3n-directa,2023-03-23,2023-03-23,Barcelona. Vivienda. Discriminación directa.,"Una mujer gitana rumana, que estaba embarazada y con un hijo menor de edad a cargo recibió una notificación de desahucio. La mujer se encontraba en una situación de vulnerabilidad y no podía conseguir vivienda en el libre mercado. Acudió a la asistente social y ésta le hizo varios comentarios:

“- Yo no voy a Rumanía a conseguir una vivienda como hacen ellos aquí”

- “El embarazo es de ella, no mío. No haberse quedado embarazada”

- “Yo no sé trabajar con este tipo de familias”

También la culpaba por su situación administrativa."
535e6952-5963-47ae-a545-27879668b62c,https://informesdiscriminacion.gitanos.org/casos/madrid-vivienda-discriminaci%C3%B3n-directa-9,2023-03-23,2023-03-23,Madrid. Vivienda. Discriminación directa.,"Una familia gitana que vivía en las Sabinas, un poblado de Arroyomolinos, se encontraba en una situación de emergencia, que se había agravado por la nevada que había caído a principios de año.

La familia contactó con el Ayuntamiento para informar de su situación; tanto los bomberos como la policía, que se personaron, les comunicaron que tenían que desalojar su vivienda, por estar en riesgo.

El trabajador social se negó a atenderles presencialmente, les atendió por teléfono, y les preguntó: “¿y qué queréis, una vivienda?”. La familia respondió: “queremos un lugar seguro donde poder estar con nuestros hijos” a lo que él respondió: “si queréis un albergue, es lo que hay”.

La familia nos trasladó que se sintió discriminada por la atención recibida por el trabajador social."
0ccd00da-72a2-4018-8909-dfc95281e311,https://informesdiscriminacion.gitanos.org/casos/huelva-vivienda-discriminaci%C3%B3n-directa-3,2023-03-23,2023-03-23,Huelva. Vivienda. Discriminación directa.,"Se llevaron a cabo varias estrategias de investigación y de actuación, entre ellas:

- Se contactó con la abogada de la familia para que nos enviará las actuaciones judiciales y coordinarnos en la estrategia jurídica.

- Se envió un escrito a la alcaldesa del Ayuntamiento de Punta Umbría para trasladarle la preocupación por la urgencia de la situación de un posible desahucio de algunas familias gitanas vecinas de la localidad y solicitarle una solución alternativa habitacional.

- Se envió un escrito a la Consejera de Fomento, Infraestructuras y Ordenación del territorio de la Junta de Andalucía para trasmitirle la preocupación por la situación de las familias gitanas de Punta Umbría.

- Se mantuvo una reunión con la Concejala Delegada de Servicios Sociales y el Delegado Provincial del AVRA.

- Se mandó un escrito al Comité de Valoración del SAREB para solicitar el tramite de alquiler social a la familia. Desde el SAREB se pidió documentación que se remitió desde la FSG.

- Se envió una carta de queja al Defensor del Pueblo Andaluz ante la falta de respuesta de la alcaldesa. Se admitió a tramite y se nos dio respuesta de que se había remitido un informe por el Ayuntamiento."
27f8818c-ccf2-4cd2-9c18-4eb74605fade,https://informesdiscriminacion.gitanos.org/casos/zaragoza-vivienda-discriminaci%C3%B3n-directa-9,2023-03-23,2023-03-23,Zaragoza. Vivienda. Discriminación directa.,"Una joven gitana contactó con la FSG para manifestar que estaba sufriendo discriminación por parte de los vecinos y vecinas de su bloque debido a su pertenencia étnica. Desde un trato de indiferencia hasta insultos como “No tenéis remedio, sois todos igual, no sabéis convivir”. Incluso se dio el caso de que le negaron información relevante en lo que refiere a medidas que se van tomando para la convivencia de la comunidad."
47e8e42f-59a2-46f9-a253-0634f90ac07b,https://informesdiscriminacion.gitanos.org/casos/zaragoza-vivienda-discriminaci%C3%B3n-directa-8,2023-03-23,2023-03-23,Zaragoza. Vivienda. Discriminación directa.,"Una joven gitana preguntó a una inmobiliaria para que le informaran sobre viviendas disponibles y los requisitos para acceder al alquiler. Tras varios intentos, la joven recibió una llamada de la inmobiliaria diciéndole que no cumplía con los requisitos para el alquiler de ninguna de las viviendas. La joven estaba convencida que era por ser gitana."
cf2acf47-d89d-4d4f-96b9-fed85b9cfe27,https://informesdiscriminacion.gitanos.org/casos/asturias-vivienda-discriminaci%C3%B3n-directa-3,2023-03-23,2023-03-23,Asturias. Vivienda. Discriminación directa.,"Una familia gitana nos trasladó que, desde hacía tiempo, pero sobre todo durante la pandemia, recibía amenazas e insultos de sus vecinos tales como “gitanos de mierda”. La familia se sentía muy indignada y discriminada por estos insultos con connotaciones antigitanas."
87f2b83f-d906-48ad-8560-b7f63c1be196,https://informesdiscriminacion.gitanos.org/casos/asturias-vivienda-discriminaci%C3%B3n-directa-2,2023-03-23,2023-03-23,Asturias. Vivienda. Discriminación directa.,"Una familia gitana llevaba varios meses sufriendo acoso discriminatorio por parte de vecinos de su casa: cada vez que aparecía algo estropeado, roto o sucio en el portal, llamaban a la casera para echarles la culpa a ellos y sus hijos sin saber si realmente han sido ellos. Además, en alguna ocasión les habían llamado de madrugada o a primera hora de la mañana “para molestarles” porque una vecina se quejó de que hacían mucho ruido. Otro día, cuando fue a aparcar, se encontró que el coche de una de las vecinas tenía harina o algo similar en el techo y el capó, llamó a la vecina para comentárselo porque sabía que le echarían la culpa a ellos y la vecina respondió “seguro que fueron los gitanos del 4º”, a lo que la participante respondió que la mujer gitana del cuarto era ella y que la estaba avisando precisamente para que no le echasen la culpa. La mujer estaba segura que todas las acusaciones y molestias que recibían era por ser una familia gitana."
b173b276-81f3-4eca-95a2-2f34a9e0a408,https://informesdiscriminacion.gitanos.org/casos/alicante-vivienda-discriminaci%C3%B3n-directa-e-interseccional,2023-03-23,2023-03-23,Alicante. Vivienda. Discriminación directa e interseccional.,"Una familia gitana recibían comentarios de odio diarios por parte de algunos vecinos de su comunidad, como: “Gitanos de mierda”, “Irse a vuestro país, cerdos” “ladrones” “iros a vivir al campo con los otros gitanos en vuestras chabolas”. No les dejaban tender la ropa en las cuerdas de su balcón, haciendo afirmaciones como “el agua gitana les puede quemar los toldos a los vecinos”, cuando los demás vecinos sí tendían la ropa. Tampoco les dejaban poner la lavadora en la galería porque decían que hacía mucho ruido. Asimismo, hacían burlas sobre la discapacidad auditiva de la mujer. Incluso, enviaron una carta a la inmobiliaria que les alquilaba la vivienda para decir que la familia la utilizaba para la venta de estupefacientes y explosivos.

El hombre llamó a la inmobiliaria para comentar la situación que estaban viviendo y la persona que le atendió le dijo que habían recibido la carta de los vecinos y que la vivienda era para vivir, no para realizar otras actividades, poniendo en todo momento en duda lo que el hombre le estaba contando.

La familia decidió marcharse de esa vivienda."
d9f585ef-d0b2-4678-ae64-f5e533171c2a,https://informesdiscriminacion.gitanos.org/casos/madrid-vivienda-discriminaci%C3%B3n-directa-8,2023-03-23,2023-03-23,Madrid. Vivienda. Discriminación directa.,"17 familias del sector 6 de Cañada Real recibieron una carta del Servicio de Disciplina Urbanística comunicándoles que se iba a proceder a derribar sus viviendas, porque no cumplían con los requisitos de realojo, por no estar empadronadas antes del año 2011. Según informaron equipos de apoyo que han trabajado en Cañada, estas familias, especialmente vulnerables, ya que son personas mayores, mujeres monomarentales, viudas, etc., que llevaban viviendo en Cañada antes del 2011, pero cuando la policía pasaba por la vivienda y no estaban (tenían que salir a trabajar), hacía un informe negativo. El 90% de estas familias son gitanas españolas y el 10% marroquíes. Les dieron un plazo de quince días para presentar alegaciones."
569770e9-76b7-4a3e-ab5d-196de8b70674,https://informesdiscriminacion.gitanos.org/casos/barcelona-vivienda-discriminaci%C3%B3n-directa-e-interseccional,2023-03-23,2023-03-23,Barcelona. Vivienda. Discriminación directa e interseccional.,"Desde la FSG hablamos con la mujer y le informamos de su derecho y el de sus hijas a un alojamiento en condiciones dignas y a un trato respetuoso y sin discriminación. Empezamos a elaborar dos cartas, una dirigida a la trabajadora social y otra al hostal.

Se pidió una reunión con carácter urgente con la trabajadora social, se le informó de la situación y se solicitó que se tomarán todas las medidas para que esta familia tuviera unas condiciones dignas. Además, se trasladó la preocupación por los comentarios xenófobos de la asistente social."
d1e59af5-79c7-4f8d-b1d7-dcc1886f7c80,https://informesdiscriminacion.gitanos.org/casos/cuenca-vivienda-discriminaci%C3%B3n-directa-10,2023-03-23,2023-03-23,Cuenca. Vivienda. Discriminación directa.,"En un pueblo de Cuenca, una joven que tiene unos apellidos muy comunes en personas gitanas, tuvo obstáculos para alquilar un piso. El padre y el novio (que no son gitanos) la ayudaron a buscar un piso. Tras encontrar uno de su interés y durante la preparación del contrato, el propietario llamó a la interesada por teléfono para decirle que se podían pasar a firmarlo y que necesitaba también una copia del DNI suyo y de su novio ya que ellos eran los que iban a estar en la vivienda.

El día del encuentro, el propietario se echó para atrás y no entregó las llaves. Tal como intuyó la joven, al parecer sus apellidos eran motivo de desconfianza. Posteriormente se comunicaron con ella diciendo que el dueño ya no quería alquilar el piso, sin embargo, al día siguiente el anuncio seguía puesto."
405d9588-cad7-4f67-8a15-511922d052e5,https://informesdiscriminacion.gitanos.org/casos/badajoz-vivienda-discriminaci%C3%B3n-directa-6,2023-03-23,2023-03-23,Badajoz. Vivienda. Discriminación directa.,"Una participante de los programas de la FSG, madre monomarental de dos menores de dos y seis años, esta última con graves problemas respiratorios; vivía con sus hijas en un edificio ocupado, desde hace algo más de cuatro años. La mujer era perceptora de una renta mínima y estaba en contacto directo con su trabajadora social. A pesar de que la situación sanitaria de la vivienda no era la adecuada, era su única opción

La empresa de agua de la localidad cortó el suministro de agua del edificio completo; desde esa fecha no contaban con agua corriente. La mujer estaba convencida que esta presión que recibía era por ser una mujer gitana sin recursos."
45179233-0654-46fe-8b68-f76339dd301f,https://informesdiscriminacion.gitanos.org/casos/asturias-vivienda-discriminaci%C3%B3n-directa-1,2023-03-23,2023-03-23,Asturias. Vivienda. Discriminación directa.,Una familia nos trasladó que querían mudarse a Gijón y que les fue imposible acceder a un alquiler por ser gitanos. El padre nos comentó que al ver sus rasgos étnicos los dueños de los pisos desconfiaban.
f1118fc3-77e5-42d0-be2e-0b4cc2fb1788,https://informesdiscriminacion.gitanos.org/casos/madrid-vivienda-discriminaci%C3%B3n-directa-7,2023-03-23,2023-03-23,Madrid. Vivienda. Discriminación directa.,"Una familia gitana informó a la FSG que una mujer gitana de 84 años, enferma (con oxígeno y movilidad reducida) tras numerosas quejas de su comunidad de vecinos y en concreto por la acusación de uno de ellos, le llegó una orden de lanzamiento. La mujer estaba al corriente de pago y la vivienda estaba en régimen de alquiler social. Los motivos que se alegaban para su desahucio era que el vecino decía que eran que la familia hacía ruidos, que no respetaban las zonas comunes, etc. Esto ocurrió hace más de 10 años, la víctima convivía con un nieto que tenía a su cargo, este se casó hace muchos años y se fue a vivir a otro domicilio. Desde entonces ha vivido sola, asistida por Servicios Sociales, durante años se ha negado a que su familia la visite para no tener problemas con los vecinos. Actualmente, desde hace un año, vive con ella un nieto con su mujer y sus tres hijos. A pesar de tener una situación de vulnerabilidad, ser una mujer mayor gitana enferma, le llegó la orden de lanzamiento de su vivienda. Su abogado presentó recurso."
e9e465a5-75cd-4fbd-bb6d-4e74af9e77a0,https://informesdiscriminacion.gitanos.org/casos/coru%C3%B1a-vivienda-discriminaci%C3%B3n-directa-11,2023-03-23,2023-03-23,A Coruña. Vivienda. Discriminación directa.,"Entrevista con la víctima tras haber realizado seguimiento en varias ocasiones al saber que estuvo buscando vivienda activamente en aquel mes.

Se informó a la víctima sobre sus derechos al hacer una búsqueda de vivienda a través de una inmobiliaria: cómo interponer una hoja de reclamaciones y cuál es el procedimiento. Se trabajó la importancia de dejar constancia de las discriminaciones sufridas, en este caso en el acceso a la vivienda. Se le ofreció apoyo y se hizo seguimiento por si la situación se repetía."
cb5226af-a3fb-49da-9532-058fc5c0290e,https://informesdiscriminacion.gitanos.org/casos/c%C3%A1ceres-vivienda-discriminaci%C3%B3n-directa-2,2023-03-23,2023-03-23,Cáceres. Vivienda. Discriminación directa.,"una mujer manifestó que sospechaba que había sido discriminada a la hora de alquilar un piso, por ser gitana, porque siempre le preguntaban que si era gitana. Ella les explicaba que efectivamente lo era, que trabajaba en los mercadillos y entonces siempre le decían que estaban alquilados o que le avisarían cuando se quedasen libres. En ocasiones le costaba hasta concertar una cita previa. Cierto día le dijeron directamente que no se lo alquilaban por ser una familia gitana, que ya habían tenido malas experiencias anteriormente y que no querían volver a repetir.

La mujer comentó que se sentía muy frustrada con la situación y desesperada por no encontrar vivienda."
f034bec9-9fa0-437e-aced-41a59627d876,https://informesdiscriminacion.gitanos.org/casos/granada-vivienda-discriminaci%C3%B3n-directa-3,2023-03-23,2023-03-23,Granada. Vivienda. Discriminación directa,"La víctima fue a alquilar una vivienda en una localidad, ya que tenía un acuerdo verbal con el arrendador, y le había pagado 300 euros en concepto de señal para alquilar la vivienda. Unos días antes de la fecha estimada de firma de contrato y entrega de llaves, el arrendador le comunicó vía telefónica que finalmente no iba a alquilarle la vivienda, alegando que un seguro que tenía que solicitar para formalizar el alquiler no había sido concedido con la documentación presentada, no habiendo mencionado nada de esto anteriormente. La víctima está segura de que fue al ver a su hijo, físicamente identificable como perteneciente a la etnia gitana, cuando el arrendador cambió de opinión en cuanto al alquiler."
94ba1ec8-cff0-4b68-95fc-97f804078cfa,https://informesdiscriminacion.gitanos.org/casos/albacete-vivienda-discriminaci%C3%B3n-por-asociaci%C3%B3n,2023-03-23,2023-03-23,Albacete. Vivienda. Discriminación por asociación.,"Una pareja alquiló una vivienda y tras haber firmado el contrato y haber pagado el primer mes, la propietaria les amenazó con que tenían que salir de su vivienda por no haber presentado a tiempo un documento requerido. La pareja informó a la propietaria que aquel mismo día su gestor le había facilitado el papel y que lo habían presentado.

Tras insistir a través de correos electrónicos y SMS, la propietaria los llamó por teléfono y les dijo que “en su casa no quería a personas gitanas y su mujer lo era”. El inquilino le contestó que ni él ni su mujer eran gitanos y que, no obstante, ser gitano no era motivo para desalojarlos de la vivienda. Pasados unos días, la víctima nos comentó que la dueña del piso entró al mismo sin permiso de él, ni su pareja, que un vecino la había visto entrar. Tras este incidente y las amenazas constantes, la víctima decidió denunciar."
1386b39d-af3e-4245-9fe6-ebfbaa87b672,https://informesdiscriminacion.gitanos.org/casos/cuenca-vivienda-discriminaci%C3%B3n-directa-9,2023-03-23,2023-03-23,Cuenca. Vivienda. Discriminación directa.,Una mujer gitana y su marido fueron discriminados cuando pretendían alquilar un piso en un pueblo de Cuenca. El dueño del piso les dijo que él no alquilaba a personas gitanas y que por lo tanto no les iba alquilar la vivienda.
93d41ef3-ff30-4647-beef-a0e796014f47,https://informesdiscriminacion.gitanos.org/casos/coru%C3%B1a-vivienda-discriminaci%C3%B3n-directa-10,2023-03-23,2023-03-23,A Coruña. Vivienda. Discriminación directa.,"El presidente de la comunidad de vecinos escribió una carta al propietario de la vivienda en la que vivía una mujer gitana, con unas normas de convivencia a modo de queja y se lo ha hecho llegar a la gestoría de la comunidad. La mujer se dirigió al presidente de la comunidad para preguntarle el motivo y este respondió que lo había mandado a todos los pisos para mejorar la convivencia. La mujer hizo la comprobación piso por piso y sólo se lo había mandado a ellas, la única familia gitana del edificio. Su casero por el momento, no tenía intención de echarles, pero decía que no quería problemas."
f62b8742-670e-4eff-b949-aa0cc31e1eda,https://informesdiscriminacion.gitanos.org/casos/c%C3%A1diz-vivienda-discriminaci%C3%B3n-directa-1,2023-03-23,2023-03-23,Cádiz. Vivienda. Discriminación directa.,"Contacto telefónico con la víctima. La víctima solicita asesoramiento por parte del Servicio de Asistencia a Víctimas de la FSG, ya que se encuentra bastante afectada y es una situación muy desagradable para ella y para su hija. Pidió que registráramos el caso y le hiciéramos seguimiento. Se llegó a un acuerdo con la víctima para que recabara pruebas sobre los hechos acontecidos y sobre ese trato desfavorable por ser gitana por parte del vecino. Se asesoró a la mujer en sus derechos y cómo ejercerlos."
e735e550-6ed0-4417-80ab-5ac38ef2ed0c,https://informesdiscriminacion.gitanos.org/casos/badajoz-vivienda-discriminaci%C3%B3n-directa-5,2023-03-23,2023-03-23,Badajoz. Vivienda. Discriminación directa.,"Una joven se encontraba en proceso de alquilar una vivienda con una inmobiliaria. Se interesó por un par de ellas. Los agentes inmobiliarios le dijeron que sí podían enseñárselas y que no estaban sujetas a ninguna restricción específica. Después de colgar el teléfono, la inmobiliaria la llamó 10 minutos más tarde para preguntarle por sus apellidos. En la misma llamada, le dijeron que lo sentían pero que la vivienda por la que estaba interesada ya estaba alquilada. La joven tenía unos apellidos asociados a la comunidad gitana."
852556b5-f316-4681-948b-cfcd0c3ff9a6,https://informesdiscriminacion.gitanos.org/casos/palencia-vivienda-discriminaci%C3%B3n-directa-3,2023-03-23,2023-03-23,Palencia. Vivienda. Discriminación directa.,"Una pareja que buscaba piso contactó por teléfono con un arrendador con quien se acordó ir a verlo. El precio fijado les pareció correcto. Acordaron que, si les gustaba la vivienda, harían todo lo posible por formalizar el contrato cuando antes. La pareja preguntó si había alguna otra persona interesada, a lo que les respondieron que no.

Al subir las escaleras y ver al hombre, el arrendador le dijo que había otra persona y se disculpó diciéndole que no se había acordado hasta el momento. La víctima se sintió ofendida y se dio cuenta de un cambio en su actitud.

A los dos días volvieron a contactar por teléfono con el arrendador, quien les dijo que tenía ya el contrato firmado con otra familia y que ya estaban ocupando la vivienda."
63a47772-f110-447a-92ed-38b5c699ae10,https://informesdiscriminacion.gitanos.org/casos/zamora-vivienda-discriminaci%C3%B3n-directa-0,2023-03-23,2023-03-23,Zamora. Vivienda. Discriminación directa.,"Una joven gitana fue a ver una vivienda y le gustó. Quedaron la semana siguiente para presentar la documentación relativa a ingresos económicos para avalar la operación. La persona de la inmobiliaria le pidió foto del DNI para remitírselo al propietario y preparar los papeles

Unos días después, la joven acudió a la inmobiliaria con la documentación económica, tal y como habían agendado, y en aquel momento le dijeron que la propietaria ya no quería alquilarle porque decía que era un dúplex muy grande y no iba a poder pagar la calefacción.

Se pudo comprobar que la joven contaba en aquel momento con un importante poder adquisitivo lo que le hubiese permitido pagar el alquiler sin problemas.

El cambio de actitud vino al conocer sus apellidos y su pertenencia a la etnia gitana."
35727f10-8a47-46a9-888b-bfaaeb7e031a,https://informesdiscriminacion.gitanos.org/casos/palencia-vivienda-discriminaci%C3%B3n-directa-2,2023-03-23,2023-03-23,Palencia. Vivienda. Discriminación directa.,"Interlocución. A la vista de la documentación y tras un análisis global del incidente, quedó constatado que la mujer sí había manifestado comentarios vejatorios contra los gitanos; sin embargo, las acciones más gravosas, fueron dirigidas a todos los vecinos, con lo que se recomendó a la familia que lo denunciasen por medio de un abogado. Desde la FSG nos ofrecimos a darle apoyo y asesoramiento jurídico relativo a la argumentación y tratamiento de la discriminación hacia las personas gitanas."
025356f4-b028-4034-a095-209117877423,https://informesdiscriminacion.gitanos.org/casos/murcia-vivienda-discriminaci%C3%B3n-directa-3,2023-03-23,2023-03-23,Murcia. Vivienda. Discriminación directa.,"Se llamó por teléfono a la mujer intermediaria que alquilaba las viviendas. Se intentó explicar el impacto en los jóvenes gitanos y nos trasladó que no quería hablar y ella era sólo una intermediaria. Se envió una carta al portal web dónde se anunciaban las viviendas por esta mujer. Desde el portal web nos dijeron que lo sentían mucho, pero que no podían hacer nada porque el anuncio no era discriminatorio y no podían censurar los comportamientos."
819461a8-3c6f-4409-8f06-f29a761d0d6a,https://informesdiscriminacion.gitanos.org/casos/madrid-vivienda-acoso-discriminatorio,2023-03-23,2023-03-23,Madrid. Vivienda. Acoso discriminatorio.,"La mujer nos informó de la situación de acoso discriminatorio que estaba viviendo por parte de una vecina de su comunidad. Se propuso realizar una acción de mediación. Ella estaba de acuerdo, no obstante, iba a preguntar a la vecina si estaría dispuesta a solucionar el conflicto a través de la mediación. La víctima nos informó que la vecina le había dicho que no quería hablar con nadie."
f2bf686a-cb62-4bef-a53f-f42b83aebdae,https://informesdiscriminacion.gitanos.org/casos/c%C3%B3rdoba-vivienda-discriminaci%C3%B3n-directa-2,2023-03-23,2023-03-23,Córdoba. Vivienda. Discriminación directa.,"Un joven gitano nos contó que tenía en venta su vivienda y que se acercó a ver la casa un comercial de inmobiliaria acompañado de un matrimonio de unos 65 años a ver el piso.

Después de la visita el matrimonio preguntó por el vecindario y concretamente si vivían gitanos. El hombre comentó que “no podía con los gitanos”. El joven que se encontraba presente, les dijo que el único gitano era él y que no quería personas racistas en su edificio. Les pidió que abandonaran su casa.

El comercial de la inmobiliaria tras despedir al matrimonio comprador se disculpó inmediatamente con el joven."
63744fec-7924-4ae8-9913-106b84f1adab,https://informesdiscriminacion.gitanos.org/casos/palencia-vivienda-discriminaci%C3%B3n-directa-1,2023-03-23,2023-03-23,Palencia. Vivienda. Discriminación directa.,"La Junta de Castilla y León aprobó una subvención para el Ayuntamiento de Venta de Baños para la adquisición de cuatro viviendas con el fin de erradicar el chabolismo.

En la nota de prensa de la Junta se daban las direcciones de las cuatro viviendas, vulnerando la normativa de protección de datos, al revelarse datos personales y se estigmatizó a las familias que iban a vivir en las viviendas. Asimismo, esto se difundió ampliamente a través de los medios de comunicación.

Ello conllevó la crispación y malestar en el vecindario de la localidad con las familias gitanas que vivían en la zona. Además, comenzaron a surgir en las redes sociales y al hilo de las noticias en los medios de comunicación.

Las familias afectadas se sintieron apenadas e indignadas por esta situación de antigitanismo."
50c5f156-0d75-4a5d-970c-8928f273c959,https://informesdiscriminacion.gitanos.org/casos/badajoz-vivienda-discriminaci%C3%B3n-directa-4,2023-03-23,2023-03-23,Badajoz. Vivienda. Discriminación directa.,"Una joven gitana tenía intención de alquilar una vivienda para independizarse. Vio un anuncio en internet y contactó con la propietaria del piso. Durante la conversación telefónica, la propietaria le dijo que el piso estaba disponible y que podrían concertar una cita.

Llegó el día de la cita y al ver a la joven, le preguntó si era gitana. Le confirmó que sí y cambió de opinión, diciéndole que tenía que pensar si le alquilaba el piso o no."
2b31b20a-e919-4cbc-bce3-be5138694a3f,https://informesdiscriminacion.gitanos.org/casos/le%C3%B3n-vivienda-discriminaci%C3%B3n-directa-4,2023-03-23,2023-03-23,León. Vivienda. Discriminación directa.,"Una mujer gitana llamó a un anuncio donde se alquilaba una vivienda. En la conversación con la propietaria ella indicó que sus ingresos era la renta garantizada de ciudadanía. La mujer avisó a la arrendadora para asegurarse que no hubiese problemas. Después de eso, acordaron en formalizar el contrato y para ello, le envió los DNI para ir haciendo el borrador del contrato de alquiler.

Después de citarse presencialmente, la propietaria empezó a decirle que sería mejor contratar un seguro y quedaron en llamarse.

Finalmente, la propietaria la llamó para devolverle el dinero que la joven dio en señal. La joven nos trasladó que estaba segura que había sido por ser gitana y se sintió discriminada."
3d91d735-85d9-45f6-b13a-afea2926be97,https://informesdiscriminacion.gitanos.org/casos/le%C3%B3n-vivienda-discriminaci%C3%B3n-directa-3,2023-03-23,2023-03-23,León. Vivienda. Discriminación directa.,"Una mujer gitana llamó por teléfono a una inmobiliaria porque estaba interesada en una vivienda que ofertaban en alquiler. Por teléfono el arrendador se mostró receptivo y llegaron a un acuerdo, e incluso se habló de la posibilidad de hacer la reserva.

Al día siguiente, cuando la mujer y su pareja fueron a ver la vivienda de manera presencial, el agente inmobiliario les dijo que ya no se alquilaba."
ec7e299a-debe-4e07-bf33-41fd63556ac7,https://informesdiscriminacion.gitanos.org/casos/coru%C3%B1a-vivienda-discriminaci%C3%B3n-directa-9,2023-03-23,2023-03-23,A Coruña. Vivienda. Discriminación directa.,"Una joven gitana nos contó una situación que consideró como discriminatoria. A través de WhatsApp mantuvo una conversación con un agente inmobiliario que le ofreció información sobre una vivienda. Cuando la joven escribió su nombre y sus apellidos y que se dedicaba a la venta ambulante, bloqueo la conversación."
7b4d9dd6-4405-469f-82c0-0f47b4dc8435,https://informesdiscriminacion.gitanos.org/casos/c%C3%A1ceres-vivienda-discriminaci%C3%B3n-directa-1,2023-03-23,2023-03-23,Cáceres. Vivienda. Discriminación directa.,"Un chico gitano decidió comprar una vivienda a un particular que además era dueño de un bar. Quedaron en el bar para cerrar el trato. Cuando el yerno del propietario del bar los vio, le advirtió al suegro (propietario de la casa) “que tuviese cuidado con los gitanos porque no pagaban”."
07b2a5f6-13e7-4849-bb80-b61403c552c5,https://informesdiscriminacion.gitanos.org/casos/ja%C3%A9n-vivienda-discriminaci%C3%B3n-directa-3,2023-03-23,2023-03-23,Jaén. Vivienda. Discriminación directa.,"Una pareja joven con una hija menor de tres años buscaba alquilar una vivienda. Encontraron por internet una vivienda y decidieron ponerse en contacto telefónico con el propietario. Llegaron a un acuerdo para ir a visitar la vivienda, sin embargo, cuando se vieron físicamente, el propietario empezó a ponerles todo tipo de excusas para no alquilarles la vivienda."
93e7841f-44b9-4a7f-8e61-5ec7db1704bf,https://informesdiscriminacion.gitanos.org/casos/badajoz-vivienda-discriminaci%C3%B3n-directa-3,2023-03-23,2023-03-23,Badajoz. Vivienda. Discriminación directa.,"Una mujer gitana informó a la FSG de que estaba buscando vivienda y que sufrió varias situaciones discriminatorias cuando iba a visitar las viviendas. La mujer nos contó que cuando llamaba por teléfono todo iba bien y le daban muchas facilidades, pero cuando sabían que era gitana, le ponían muchas trabas y no se lo alquilaban."
c69076b5-ac6e-4845-ab06-fadbb4a395f5,https://informesdiscriminacion.gitanos.org/casos/coru%C3%B1a-vivienda-discriminaci%C3%B3n-directa-8,2023-03-23,2023-03-23,A Coruña. Vivienda. Discriminación directa.,"Un joven gitano fue a una visita concertada para ver un piso de alquiler e informó a la FSG que el agente le trató con desprecio; él estaba convencido que era porque le identificó, por sus rasgos, como gitano. El agente le dijo que él no podría decidir si alquilarle o no el piso, que contactarían con él por WhatsApp.

Poco después, el joven recibió por WhatsApp una pregunta relacionada con su profesión, el joven contestó que se dedicaban a la “compraventa”. Al día siguiente, el joven recibió un WhatsApp que decía que el piso ya estaba apalabrado. Acto seguido, bloquearon la línea sin darle oportunidad de responder."
74853ec7-441f-4ff6-8e23-8b1e9d7a16eb,https://informesdiscriminacion.gitanos.org/casos/albacete-vivienda-discriminaci%C3%B3n-directa,2023-03-23,2023-03-23,Albacete. Vivienda. Discriminación directa.,"Una familia gitana estaba en su casa oyendo música, cuando fueron interrumpidos por una vecina y su hija, ambas sin llevar puesta la mascarilla, que golpearon la puerta de manera violenta. Cuando abrieron la puerta, la vecina les gritó: “sois unos salvajes y todos los gitanos tendríais que vivir en chabolas”.

El padre les contestó que aquellas no eran las formas de decir las cosas y mucho menos, con insultos y que si lo que les molestaba era la música, deberían llamar a la policía. La mujer se enfadó más y le empujó, el padre se defendió y la vecina le denunció.

A los pocos días, el padre recibió una citación para asistir a un juicio por un delito leve porque la vecina le había denunciado."
b49e0d2f-754e-4823-a80a-e05782212aa7,https://informesdiscriminacion.gitanos.org/casos/coru%C3%B1a-vivienda-discriminaci%C3%B3n-directa-7,2023-03-23,2023-03-23,A Coruña. Vivienda. Discriminación directa.,"Un hombre gitano llamó a una inmobiliaria para interesarse por un piso y quedó con el agente para visitarlo. Cuando llegó el hombre y el agente le vio, le dijo que el piso ya estaba alquilado. El día siguiente la mujer llamó por teléfono y preguntó por el mismo piso y el agente le dijo que podía visitar el piso. En esa llamada, la mujer le dijo al agente que el día anterior le había dicho a su marido que ya estaba alquilado. El agente le dijo, de malas formas que no quería gitanos porque “no evolucionaban”. La familia trasladó a la FSG que se habían sido discriminados."
14bb03ff-de0c-4dea-b685-bf52f3db4c99,https://informesdiscriminacion.gitanos.org/casos/huesca-vivienda-discriminaci%C3%B3n-directa-2,2023-03-23,2023-03-23,Huesca. Vivienda. Discriminación directa.,"Una pareja gitana, con un niño, buscaban piso de alquiler. El joven decidió ir sólo a la inmobiliaria porque si veían a su mujer, que tenía rasgos asociados a las mujeres gitanas, sabía que no les alquilarían piso. El agente inmobiliario le enseñó una vivienda y le interesó, entregó su contrato de trabajo indefinido y el de su mujer. Cuando el agente vio los apellidos de su mujer, asociados a la comunidad gitana, le dijo que no se lo podía alquilar, porque los propietarios no querían alquilar sus viviendas a familias gitanas.

El joven nos trasladó que se fue discriminado por la inmobiliaria y los propietarios."
76528dbd-d5d1-4a0a-bc23-d1f4e15469d0,https://informesdiscriminacion.gitanos.org/casos/cantabria-servicios-policiales-discriminaci%C3%B3n-directa-8,2023-03-23,2023-03-23,Cantabria. Servicios policiales. Discriminación directa.,"Una mujer gitana nos trasladó que unos agentes de policía multaron a su hermana por tener el coche mal estacionado pese a que no era el único.

Al ver que los agentes requirieron a su hermana, ella se acercó a preguntar qué pasaba y uno de los agentes le manifestó que no podía estar allí, que a ella no le importaba y que solo tenían que hablar con la dueña del vehículo para multarla; a lo que la víctima respondió que por qué se tenía que ir que quería estar con su hermana. En aquel momento el agente le gritó “largaos de aquí” refiriéndose a ella y a su hijo menor. Le solicitó el DNI, ella se lo entregó y, posteriormente, se alejó de la zona. Ella está convencida que la trato así por ser una mujer gitana."
33e8426a-c4ed-4c43-838f-340ad5125e05,https://informesdiscriminacion.gitanos.org/casos/madrid-servicios-policiales-discriminaci%C3%B3n-directa-13,2023-03-23,2023-03-23,Madrid. Servicios policiales. Discriminación directa.,"Una familia gitana informó de una situación que consideraron como discriminatoria. Unos policías se acercaron a su puesto en el mercadillo y les pusieron una multa porque tenían colgado un muñeco en la barra superior del puesto. Según la policía sobrepasaba los límites autorizados. Aunque la familia pidió a los agentes que no les multaran por aquello ya que iban a retirar el muñeco inmediatamente, la policía les multó. La familia manifestó su desacuerdo con la imposición de aquella multa y están convencidos que es por ser una familia gitana."
8c7aa021-e493-4b11-be37-fa33dd84f9b5,https://informesdiscriminacion.gitanos.org/casos/cantabria-servicios-policiales-discriminaci%C3%B3n-directa-7,2023-03-23,2023-03-23,Cantabria. Servicios policiales. Discriminación directa.,"Una mujer gitana salió de su casa para ir al supermercado. En el trayecto al mismo, se encontró con su hermana que iba en coche. Ambas decidieron ir al supermercado juntas. Dos agentes de policía que se encontraban en la entrada las pararon y les solicitaron sus DNI.

Las mujeres les dijeron a los agentes que no entendían por qué las paraban, a no ser que fuera porque eran gitanas. El agente respondió que “sí”, a lo que la víctima le acusó de racismo. Considera que la multa que les pusieron fue motivada por el enfadó del agente al llamarle racista."
acfbf12d-e71d-4e22-b1ee-be51d70ce7fa,https://informesdiscriminacion.gitanos.org/casos/sevilla-servicios-policiales-discriminaci%C3%B3n-directa,2023-03-23,2023-03-23,Sevilla. Servicios policiales. Discriminación directa.,"Un ex trabajador de la FSG contó que un joven gitano, que iba paseando con su hijo, de tres años de edad, fue parado y registrado por agentes de la Policía Local, sin justificación alguna. El joven pidió que no tocaran la comida de su hijo y le empezaron a increpar y finalmente, le llevaron detenido, dejando al niño sólo, en el parque. En aquellos momentos, pasaba un joven que conocía al chico y se hizo cargo del niño."
9299c52e-36f1-49c3-b2e2-73959021a89d,https://informesdiscriminacion.gitanos.org/casos/murcia-servicios-policiales-discriminaci%C3%B3n-directa-3,2023-03-23,2023-03-23,Murcia. Servicios policiales. Discriminación directa.,"Una joven de etnia gitana de 17 años informó que hacía un año sufrió una agresión policial en la comisaría de policía. Al parecer la policía llegó a su casa porque una vecina la había denunciado por su perro y le dijeron que fuera con ella a comisaría para comprobar el chip. La chica confió y se fue con la policía y cuando llegó a la comisaria al parecer, la agredieron. Después denunció los hechos, llamó al 112. Aunque no le dieron un parte de lesiones, le diagnosticaron crisis de ansiedad. La chica comunicó que denunció los hechos en la guardia civil pero la denuncia no prosperó. Desde entonces la joven ha tenido represalias ya que cada vez que se encontraba con la policía le hacían comentarios (incluso amenazas) y sentía que era por ser gitana."
2b0e7194-4102-422f-a770-756bb42f3099,https://informesdiscriminacion.gitanos.org/casos/salamanca-servicios-policiales-discriminaci%C3%B3n-directa-2,2023-03-23,2023-03-23,Salamanca. Servicios policiales. Discriminación directa.,"Un matrimonio se encontraba estacionado en una zona donde no estaba permitido, con el fin de ver cómo su hija entraba al colegio. Había otros cinco coches más aparcados. El agente de la policía local se dirigió al padre y le dijo: “¿qué, no te das por aludido?”. Le tomó nota de la matrícula. Él argumentó que era para comprobar que su hija accedía a la escuela. El policía dijo “aquí solo aparcáis los gitanos”.

El policía, según comentó la familia, la tenía tomada con ellos, ya que en ocasiones anteriores le dijo a su hijo de 12 años que no debía estar en el parque (solo se dirigía al grupo de gitanos) y que si rompían algo iban a avisar a servicios sociales."
bff3f876-7ff2-46ca-a6a4-7c4071f39b45,https://informesdiscriminacion.gitanos.org/casos/madrid-servicios-policiales-discriminaci%C3%B3n-directa-12,2023-03-23,2023-03-23,Madrid. Servicios policiales. Discriminación directa.,"Comprobamos a través del testimonio de la víctima, el trato que recibió por parte de la policía, que la acusó de robar un solomillo, en un pasillo del supermercado donde siempre va a comprar, delante de otras personas que estaban comprando. Comprobamos documentación: reclamaciones contra el supermercado y policía local, ticket compra, informe SUMMA y carta de Atención al cliente del supermercado donde comunican a la víctima que habían registrado la reclamación recibida.

Desde la FSG se le informó de la posibilidad de llevar a cabo alguna otra actuación como una reclamación por responsabilidad civil y nos coordinamos con el abogado de oficio para preparar la estrategia jurídica."
a3aa509a-ca0d-4307-9d25-3a2671a31c49,https://informesdiscriminacion.gitanos.org/casos/granada-servicios-policiales-discriminaci%C3%B3n-directa-3,2023-03-23,2023-03-23,Granada. Servicios policiales. Discriminación directa.,"Un joven gitano salía de su domicilio para ir a entrenar, vestido con ropa de deporte y mochila. A escasos metros de su domicilio fue parado por un agente de la Policía Nacional preguntándole a donde se dirigía, y pidiéndole que abriera la mochila. El joven le dijo que iba a entrenar y el agente insistió en registrar su mochila, haciéndole diferentes preguntas y percibiendo la víctima un trato discriminatorio por perfil étnico. El joven manifestó que ésta no era la primera vez que le ocurría algo parecido, los agentes le identificaban como si estuviera haciendo algo sospechoso."
260618f5-f06f-4b84-86c4-f5559f33031c,https://informesdiscriminacion.gitanos.org/casos/madrid-servicios-policiales-discriminaci%C3%B3n-directa-11,2023-03-23,2023-03-23,Madrid. Servicios policiales. Discriminación directa.,"Una mujer gitana tiene un hijo que desde hace años no vive en casa de su madre, ya que está en búsqueda y captura. Desde hace mes y medio, la policía nacional iba casi todos los días a su casa y le aporreaba la puerta, aunque saben que el hijo no vive con su madre, y tampoco está empadronado en ese domicilio. Uno de esos días fueron dos agentes; la mujer vio a uno mirando por la mirilla y al otro apoyado en el marco de la puerta. Cuando abrió la puerta, llevaba el móvil en la mano y uno de los agentes se lo cogió. Nos comentó que la policía sabe que son gitanos. La mujer vivía esta situación con mucha ansiedad y preocupación."
